OID_,Join_Count,TARGET_FID,JOIN_FID,FIPS,COUNTY,v023_rawvalue,OBJECTID,FIPS_1,State,County_1,Unemployed,FIPStext,Chg_Unempoyment,v058_rawvalue,Shape_length_1,Shape_area_1,Status,Score,Match_type,Match_addr,Addr_type,Facility_Name,Physical_Address,City,State_1,Zip_Code,Population,Construction,Capacity,Security_Level,Facility_Type,Shape_Length,Shape_Area,Chg_Assault,chpNotSchoolNotLabFor_e1018,Chg_Median_Income,Chg_Over15Percent,chpPopPovU18_e1018
1,1,1,21,13087,Decatur County,4.666262661000000,43,13087,Georgia,Decatur,8,13087,-3,56.475827885999998,0.000000000000000,0.000000000000000,M,100.000000000000000,A,"1153 Airport Rd, Bainbridge, Georgia, 39817",StreetAddress,DECATUR COUNTY CI,1153 AIRPORT ROAD,BAINBRIDGE,,39817,ADULT MALE FELONS,1954,375,MINIMUM,CO. CORRECTIONAL INSTITUTION,207730.141032284940593,2198144244.299352169036865,32,17.699999999999999,943.569999999999709,7.100028581091160,-0.300000000000000
2,0,2,-1,13253,Seminole County,5.290659700000000,125,13253,Georgia,Seminole,7,13253,-2,68.553098865999999,0.000000000000000,0.000000000000000,,,,,,,,,,,,,,,,154208.969642798998393,906203980.344569563865662,-19,-20.100000000000001,-3586.540000000000873,0.900203174972363,4.900000000000000
3,0,3,-1,13131,Grady County,3.865593411000000,65,13131,Georgia,Grady,6,13131,-2,62.360561353000001,0.000000000000000,0.000000000000000,,,,,,,,,,,,,,,,169127.502135031856596,1623138637.693361520767212,-32,7.200000000000000,9673.069999999999709,2.499968684196291,-4.400000000000000
4,1,4,24,13275,Thomas County,4.714918759000000,136,13275,Georgia,Thomas,6,13275,-1,46.021914131999999,0.000000000000000,0.000000000000000,M,100.000000000000000,A,"324 County Farm Rd, Thomasville, Georgia, 31757",StreetAddress,THOMAS COUNTY CI,324 COUNTY FARM Road,THOMASVILLE,,31757,ADULT MALE FELONS,1925,185,MEDIUM,CO. CORRECTIONAL INSTITUTION,194431.915605029877042,1947002057.502904176712036,5,-6.100000000000000,4534.569999999999709,-7.099969878380204,-1.500000000000000
5,0,5,-1,13007,Baker County,5.094494659000000,4,13007,Georgia,Baker,6,13007,-1,100.000000000000000,0.000000000000000,0.000000000000000,,,,,,,,,,,,,,,,221124.319939229899319,1243247098.255790710449219,1,-7.000000000000000,1354.220000000001164,-2.099561693174298,-29.100000000000001
6,1,6,49,13037,Calhoun County,4.255319149000000,19,13037,Georgia,Calhoun,8,13037,-4,100.000000000000000,0.000000000000000,0.000000000000000,M,100.000000000000000,A,"27823 Main St, Morgan, Georgia, 39866",PointAddress,CALHOUN STATE PRISON,27823 MAIN STREET,MORGAN,,39866,ADULT MALE FELONS,1993,1677,MEDIUM,STATE PRISON,177353.223923318000743,1014306991.302418947219849,-7,-15.199999999999999,5640.819999999999709,4.399766751984526,-3.600000000000000
7,0,7,-1,13061,Clay County,7.692307692000000,30,13061,Georgia,Clay,7,13061,1,100.000000000000000,0.000000000000000,0.000000000000000,,,,,,,,,,,,,,,,158905.337638096767478,778020558.472944498062134,-2,-9.900000000000000,1196.500000000000000,-4.199468628266585,7.200000000000000
8,0,8,-1,13099,Early County,4.583333333000000,49,13099,Georgia,Early,7,13099,-2,65.952034884000000,0.000000000000000,0.000000000000000,,,,,,,,,,,,,,,,229134.731810159370070,1838496128.585394144058228,0,-16.699999999999999,2766.680000000000291,5.399770272793933,-1.200000000000000
9,0,9,-1,13201,Miller County,3.697120512000000,100,13201,Georgia,Miller,5,13201,-1,100.000000000000000,0.000000000000000,0.000000000000000,,,,,,,,,,,,,,,,137843.622143151733326,1006539136.774712562561035,-6,11.100000000000000,10267.760000000002037,13.499496598194584,12.900000000000000
10,1,10,12,13205,Mitchell County,5.375832540000000,101,13205,Georgia,Mitchell,7,13205,-2,54.511022214999997,0.000000000000000,0.000000000000000,M,97.129999999999995,A,"4838 GA Highway 37, Camilla, Georgia, 31730",PointAddress,MITCHELL COUNTY CI,4838 HIGHWAY 37 EAST,CAMILLA,,31908,n/a,,,,CO. CORRECTIONAL INSTITUTION,210607.413449263403891,1825659168.721079349517822,81,3.900000000000000,-3671.619999999995343,-9.799965842136828,5.000000000000000
11,1,10,53,13205,Mitchell County,5.375832540000000,101,13205,Georgia,Mitchell,7,13205,-2,54.511022214999997,0.000000000000000,0.000000000000000,M,100.000000000000000,A,"3178 Mount Zion Church Rd, Pelham, Georgia, 31779",PointAddress,AUTRY STATE PRISON,3178 MOUNT ZION CHURCH ROAD,PELHAM,,31779,ADULT MALE FELONS,1992,1698,MEDIUM ,STATE PRISON,210607.413449263403891,1825659168.721079349517822,81,3.900000000000000,-3671.619999999995343,-9.799965842136828,5.000000000000000
12,0,11,-1,13321,Worth County,4.399912873000000,159,13321,Georgia,Worth,7,13321,-3,69.163706813000005,0.000000000000000,0.000000000000000,,,,,,,,,,,,,,,,239963.402817721595056,2055708772.126107215881348,-78,5.800000000000000,4895.700000000004366,3.700097656196335,7.800000000000000
13,0,12,-1,13197,Marion County,5.065502183000000,98,13197,Georgia,Marion,6,13197,-1,100.000000000000000,0.000000000000000,0.000000000000000,,,,,,,,,,,,,,,,183852.098021761834389,1337585591.327668190002441,7,-13.300000000000001,14868.610000000000582,0.301826767022964,-6.000000000000000
14,0,13,-1,13239,Quitman County,5.542168675000000,118,13239,Georgia,Quitman,8,13239,-2,73.099880620999997,0.000000000000000,0.000000000000000,,,,,,,,,,,,,,,,116972.684983731160173,578669808.493200421333313,16,0.400000000000000,-11.279999999998836,8.199446209426249,3.000000000000000
15,0,14,-1,13243,Randolph County,5.865809562000000,120,13243,Georgia,Randolph,9,13243,-3,50.628319730999998,0.000000000000000,0.000000000000000,,,,,,,,,,,,,,,,196491.782038979319623,1548107492.193555593490601,-5,-5.900000000000000,-1770.859999999996944,2.800007886437052,13.500000000000000
16,1,15,58,13259,Stewart County,4.676870748000000,128,13259,Georgia,Stewart,8,13259,-3,100.000000000000000,0.000000000000000,0.000000000000000,M,100.000000000000000,A,"146 Cca Rd, Lumpkin, Georgia, 31815",StreetAddress,Stewart Detention Center,146 CCA Road,Lumpkin,,31815,,2006,1752,,ICE DETENTION FACILITY,198791.334139737329679,1677147252.171472311019897,11,18.899999999999999,-2807.259999999994761,-2.900629119059192,15.600000000000000
17,0,16,-1,13307,Webster County,6.293706294000000,152,13307,Georgia,Webster,5,13307,1,100.000000000000000,0.000000000000000,0.000000000000000,,,,,,,,,,,,,,,,141629.131026715389453,760345489.677264213562012,,5.400000000000000,1036.479999999999563,1.397907649348691,16.399999999999999
18,1,17,51,13177,Lee County,3.560631508000000,88,13177,Georgia,Lee,5,13177,-1,36.228708742999999,0.000000000000000,0.000000000000000,M,98.040000000000006,A,"153 Pinewood Rd, Leesburg, Georgia, 31763",PointAddress,LEE STATE PRISON,153 PINEWOOD DRIVE,LEESBURG,,31763,ADULT MALE FELONS,1978,762,MEDIUM,STATE PRISON,189199.299994825618342,1301018865.264173030853271,-8,3.800000000000000,-2837.089999999996508,0.499896360105118,12.600000000000000
19,1,18,44,13193,Macon County,6.235468189000000,96,13193,Georgia,Macon,9,13193,-3,53.188602441999997,0.000000000000000,0.000000000000000,M,92.849999999999994,A,"2728 GA Highway 49 S, Oglethorpe, Georgia, 31068",PointAddress,MACON STATE PRISON,2728 SOUTH 49 HWY,OGLETHORPE,,31068,ADULT MALE FELONS,1993,1762,CLOSE,STATE PRISON,205068.768328294419916,1477729420.683398723602295,27,4.000000000000000,-1350.500000000000000,10.099301199195779,-5.400000000000000
20,0,19,-1,13249,Schley County,4.651162791000000,123,13249,Georgia,Schley,7,13249,-2,100.000000000000000,0.000000000000000,0.000000000000000,,,,,,,,,,,,,,,,138273.360141996876337,609464287.946246266365051,-2,-7.300000000000000,7340.760000000002037,0.500033907007098,9.300000000000001
21,1,20,19,13261,Sumter County,5.922390862000000,129,13261,Georgia,Sumter,8,13261,-2,41.783722843000000,0.000000000000000,0.000000000000000,M,98.439999999999998,A,"346 McMath Mill Rd, Americus, Georgia, 31719",PointAddress,SUMTER COUNTY CI,346 MCMATH MILL ROAD,AMERICUS,,31709,ADULT MALE FELONS,1989,350,MEDIUM,CO. CORRECTIONAL INSTITUTION,214724.843966420594370,1780568407.193477153778076,159,-9.500000000000000,-1417.699999999997090,-0.697977078177575,6.400000000000000
22,1,21,18,13273,Terrell County,6.561393956000000,135,13273,Georgia,Terrell,7,13273,0,52.055823940000003,0.000000000000000,0.000000000000000,M,100.000000000000000,A,"3110 Albany Hwy, Dawson, Georgia, 39842",StreetAddress,TERRELL COUNTY CI,3110 ALBANY HIGHWAY,DAWSON,,39842,ADULT MALE FELONS,1947,140,MEDIUM,CO. CORRECTIONAL INSTITUTION,175683.563587477023248,1213669452.810510873794556,21,-1.700000000000000,2123.290000000000873,0.900030339059784,10.400000000000000
23,0,22,-1,13143,Haralson County,3.853533738000000,71,13143,Georgia,Haralson,7,13143,-3,77.359277276000000,0.000000000000000,0.000000000000000,,,,,,,,,,,,,,,,135980.748493465682259,1064802941.734766125679016,1,-4.700000000000000,5615.760000000002037,-8.780989649442507,-8.500000000000000
24,0,23,-1,13233,Polk County,4.189612353000000,115,13233,Georgia,Polk,6,13233,-2,51.421338155999997,0.000000000000000,0.000000000000000,,,,,,,,,,,,,,,,161248.964931515103672,1179184630.726008653640747,61,-0.800000000000000,857.260000000002037,9.099595448051357,2.800000000000000
25,1,24,9,13145,Harris County,3.411806883000000,72,13145,Georgia,Harris,5,13145,-2,96.683737196999999,0.000000000000000,0.000000000000000,M,100.000000000000000,A,"9982 GA-116, Hamilton, Georgia, 31811",StreetAddress,HARRIS COUNTY CI,9982 HIGHWAY 116,HAMILTON,,31811,ADULT MALE FELONS,1931,125,MEDIUM,CO. CORRECTIONAL INSTITUTION,193799.648845510586398,1735741911.744089841842651,1,3.200000000000000,108.580000000001746,-3.199743088773218,-0.600000000000000
26,0,25,-1,13149,Heard County,3.878648233000000,74,13149,Georgia,Heard,8,13149,-4,100.000000000000000,0.000000000000000,0.000000000000000,,,,,,,,,,,,,,,,145659.151696517772507,1118921643.381980895996094,9,-6.300000000000000,-212.149999999994179,-1.199885116464517,-12.400000000000000
27,0,26,-1,13199,Meriwether County,4.996088074000000,99,13199,Georgia,Meriwether,8,13199,-3,83.284830847999999,0.000000000000000,0.000000000000000,,,,,,,,,,,,,,,,196042.139366526243975,1867302909.848237752914429,-22,-5.800000000000000,-4266.549999999995634,9.502576233801234,3.000000000000000
28,0,27,-1,13263,Talbot County,5.044091711000000,130,13263,Georgia,Talbot,7,13263,-2,93.882010197000000,0.000000000000000,0.000000000000000,,,,,,,,,,,,,,,,200356.596322095021605,1447561398.574785470962524,-3,2.800000000000000,-288.869999999995343,1.100054491414038,-6.000000000000000
29,1,28,13,13285,Troup County,3.699762626000000,141,13285,Georgia,Troup,8,13285,-4,44.299266154000001,0.000000000000000,0.000000000000000,M,98.390000000000001,A,"2508 Hamilton Rd, Lagrange, Georgia, 30241",PointAddress,TROUP COUNTY CI,2508 HAMILTON ROAD,LAGRANGE,,30240,ADULT MALE FELONS,1927,372,MEDIUM,CO. CORRECTIONAL INSTITUTION,173889.968498063302832,1648393455.779170751571655,13,5.300000000000000,-2910.299999999995634,2.799895493770499,-3.000000000000000
30,0,29,-1,13079,Crawford County,4.155707522000000,39,13079,Georgia,Crawford,6,13079,-2,100.000000000000000,0.000000000000000,0.000000000000000,,,,,,,,,,,,,,,,197679.084349145472515,1197763649.068505525588989,18,-5.700000000000000,3813.220000000001164,4.199844387239746,-7.700000000000000
31,0,30,-1,13225,Peach County,5.096129628000000,111,13225,Georgia,Peach,7,13225,-2,38.223506047999997,0.000000000000000,0.000000000000000,,,,,,,,,,,,,,,,141988.806758275517495,553546814.041704416275024,58,3.700000000000000,1460.340000000003783,8.998274183941048,-16.699999999999999
32,0,31,-1,13269,Taylor County,6.537356322000000,133,13269,Georgia,Taylor,8,13269,-1,100.000000000000000,0.000000000000000,0.000000000000000,,,,,,,,,,,,,,,,234464.957122498628451,1388019626.689186811447144,-1,-3.200000000000000,-1482.029999999998836,1.800047308367120,-9.500000000000000
33,0,32,-1,13293,Upson County,4.404008439000000,145,13293,Georgia,Upson,8,13293,-4,46.908260597000002,0.000000000000000,0.000000000000000,,,,,,,,,,,,,,,,175900.902617297600955,1206368042.746302127838135,6,2.900000000000000,-1844.709999999999127,0.000103269742413,5.300000000000000
34,1,33,38,13035,Butts County,4.039463887000000,18,13035,Georgia,Butts,8,13035,-4,77.941238639000005,0.000000000000000,0.000000000000000,M,97.299999999999997,A,"2978 GA-36 W, Jackson, Georgia, 30233",StreetAddress,GA DIAGNOSTIC CLASS PRISON,2978 HWY 36 WEST PRISON BLVD,JACKSON,,30233,ADULT MALE FELONS,1968,2487,CLOSE/DEATH,STATE PRISON,148062.811822226591175,699437467.068574428558350,-41,3.100000000000000,-13903.829999999994470,1.899986331748047,17.500000000000000
35,0,34,-1,13171,Lamar County,4.557772850000000,85,13171,Georgia,Lamar,7,13171,-2,60.872413604999998,0.000000000000000,0.000000000000000,,,,,,,,,,,,,,,,125511.063945728514227,688108466.617172479629517,41,3.700000000000000,5420.160000000003492,0.500023146272163,2.100000000000000
36,1,35,36,13207,Monroe County,3.672467990000000,102,13207,Georgia,Monroe,6,13207,-2,80.230093854000003,0.000000000000000,0.000000000000000,M,100.000000000000000,A,"1000 Indian Springs Dr, Forsyth, Georgia, 31029",StreetAddress,BURRUSS CORRECTIONAL TRAINING CTR,1000 INDIAN SPRINGS DRIVE,FORSYTH,,31029,ADULT MALE FELONS,1986,806,MEDIUM,STATE PRISON,175778.647308756073471,1468426657.512114286422729,-11,8.600000000000000,3017.569999999999709,1.000885756617196,-3.600000000000000
37,0,36,-1,13231,Pike County,3.643216080000000,114,13231,Georgia,Pike,7,13231,-3,98.964687448000006,0.000000000000000,0.000000000000000,,,,,,,,,,,,,,,,136350.523967811051989,811042750.370366573333740,-4,5.900000000000000,4814.530000000006112,1.700002116842049,0.600000000000000
38,1,37,8,13255,Spalding County,4.700360758000000,126,13255,Georgia,Spalding,9,13255,-4,41.619715012999997,0.000000000000000,0.000000000000000,M,100.000000000000000,A,"295 Justice Blvd, Griffin, Georgia, 30224",StreetAddress,SPALDING COUNTY CI,295 JUSTICE BOULEVARD,GRIFFIN,,30224,ADULT MALE FELONS,2000,384,MEDIUM,CO. CORRECTIONAL INSTITUTION,153726.990992813691264,741852229.536537170410156,-84,17.000000000000000,61.000000000000000,0.000155403870172,2.300000000000000
39,1,38,7,13045,Carroll County,4.008450246000000,22,13045,Georgia,Carroll,7,13045,-3,41.825074416000000,0.000000000000000,0.000000000000000,M,100.000000000000000,A,"96 Horsley Mill Rd, Carrollton, Georgia, 30117",StreetAddress,CARROLL COUNTY CI,96 HORSLEY MILL ROAD,CARROLLTON,,30117,ADULT MALE FELONS,1991,246,MEDIUM,CO. CORRECTIONAL INSTITUTION,211278.069718184182420,1884952717.261600732803345,478,-1.300000000000000,4981.790000000000873,8.382353748641252,5.600000000000000
40,1,39,6,13077,Coweta County,3.425617305000000,38,13077,Georgia,Coweta,6,13077,-3,32.932758389999996,0.000000000000000,0.000000000000000,M,100.000000000000000,A,"101 Selt Rd, Newnan, Georgia, 30263",PointAddress,COWETA COUNTY CI,101 SELT ROAD,NEWNAN,,30263,ADULT MALE FELONS,1976,210,MEDIUM,CO. CORRECTIONAL INSTITUTION,209466.543364646087866,1659202196.120167732238770,-105,4.500000000000000,6550.500000000000000,5.395921701358962,0.700000000000000
41,0,40,-1,13217,Newton County,4.453456933000000,107,13217,Georgia,Newton,8,13217,-4,31.244122530999999,0.000000000000000,0.000000000000000,,,,,,,,,,,,,,,,177171.932695331895957,1043671334.191724777221680,-4,0.300000000000000,-3131.589999999996508,4.753686500486605,9.100000000000000
42,1,41,29,13055,Chattooga County,4.090779060000000,27,13055,Georgia,Chattooga,10,13055,-6,57.559100518999998,0.000000000000000,0.000000000000000,M,100.000000000000000,A,"777 Underwood Dr, Trion, Georgia, 30753",StreetAddress,HAYS STATE PRISON,777 UNDERWOOD DRIVE,TRION,,30753,ADULT MALE FELONS,1989,1101,CLOSE,STATE PRISON,156877.277894802595256,1197801574.810196876525879,-8,-3.900000000000000,-1227.610000000000582,7.800113002997758,-1.500000000000000
43,0,42,-1,13083,Dade County,3.625815809000000,41,13083,Georgia,Dade,6,13083,-2,72.127697949999998,0.000000000000000,0.000000000000000,,,,,,,,,,,,,,,,130572.774505416571628,671344655.825273275375366,3,-0.400000000000000,-6930.400000000001455,7.195220054635681,-8.900000000000000
44,1,43,3,13115,Floyd County,4.305009712000000,57,13115,Georgia,Floyd,7,13115,-3,36.822160158999999,0.000000000000000,0.000000000000000,M,100.000000000000000,A,"329 Blacks Bluff Rd SW, Rome, Georgia, 30161",PointAddress,FLOYD COUNTY CI,329 BLACKS BLUFF ROAD SW,ROME,,30161,ADULT MALE FELONS,1926,448,MEDIUM,CO. CORRECTIONAL INSTITUTION,240038.096475292026298,1970571159.998915433883667,80,-0.700000000000000,1788.459999999999127,3.800257561193451,1.900000000000000
45,1,44,27,13295,Walker County,3.869477332000000,146,13295,Georgia,Walker,7,13295,-3,43.853627320000001,0.000000000000000,0.000000000000000,M,100.000000000000000,A,"97 Kevin Ln, Rock Spring, Georgia, 30739",PointAddress,WALKER STATE PRISON,97 KEVIN LANE,ROCK SPRING,,30739,ADULT MALE FELONS,1972,444,MEDIUM,STATE PRISON,206089.774890188680729,1718754507.428823471069336,15,-3.900000000000000,520.630000000004657,9.404284836590634,6.700000000000000
46,0,45,-1,13015,Bartow County,3.779458424000000,8,13015,Georgia,Bartow,7,13015,-3,35.227692523000002,0.000000000000000,0.000000000000000,,,,,,,,,,,,,,,,190393.820974056405248,1785750377.380825281143188,119,-0.500000000000000,2658.959999999999127,3.810166311076436,-1.800000000000000
47,0,46,-1,13129,Gordon County,3.761654699000000,64,13129,Georgia,Gordon,7,13129,-3,51.558366251999999,0.000000000000000,0.000000000000000,,,,,,,,,,,,,,,,190723.646996500727255,1368922122.472294569015503,33,-0.700000000000000,-28.040000000000873,6.790006603560534,9.900000000000000
48,0,47,-1,13213,Murray County,5.312676410000000,105,13213,Georgia,Murray,7,13213,-2,70.127182800000000,0.000000000000000,0.000000000000000,,,,,,,,,,,,,,,,232232.481391063774936,1334591321.144624233245850,-5,-3.300000000000000,5644.060000000004948,5.499932562681525,0.800000000000000
49,0,48,-1,13085,Dawson County,3.330564784000000,42,13085,Georgia,Dawson,6,13085,-3,80.309001343000006,0.000000000000000,0.000000000000000,,,,,,,,,,,,,,,,160137.429086981777800,817106749.099450349807739,-8,-9.400000000000000,11417.680000000000291,2.400105374512188,-7.400000000000000
50,0,49,-1,13227,Pickens County,3.509697849000000,112,13227,Georgia,Pickens,6,13227,-2,73.103190513000001,0.000000000000000,0.000000000000000,,,,,,,,,,,,,,,,152211.362247623037547,889089508.959030032157898,-47,-4.500000000000000,8930.450000000004366,8.799745226126264,-4.700000000000000
51,0,50,-1,13111,Fannin County,3.943963594000000,55,13111,Georgia,Fannin,6,13111,-2,100.000000000000000,0.000000000000000,0.000000000000000,,,,,,,,,,,,,,,,221438.599325817602221,1512253232.569804668426514,85,13.300000000000001,5395.450000000004366,6.993810455101134,-6.600000000000000
52,0,51,-1,13123,Gilmer County,4.227818546000000,61,13123,Georgia,Gilmer,6,13123,-2,87.643150007000003,0.000000000000000,0.000000000000000,,,,,,,,,,,,,,,,201618.580951606592862,1655482118.379672288894653,-29,0.400000000000000,13654.209999999999127,9.804719644683567,5.100000000000000
53,0,52,-1,13187,Lumpkin County,3.589804954000000,93,13187,Georgia,Lumpkin,7,13187,-3,83.941800706999999,0.000000000000000,0.000000000000000,,,,,,,,,,,,,,,,168198.315584866970312,1090282569.219373703002930,75,3.100000000000000,1233.139999999999418,1.600220476638130,-0.400000000000000
54,0,53,-1,13291,Union County,3.644470292000000,144,13291,Georgia,Union,6,13291,-2,100.000000000000000,0.000000000000000,0.000000000000000,,,,,,,,,,,,,,,,201461.462591430114117,1267918240.175833463668823,2,-4.300000000000000,558.380000000004657,10.590596419699708,13.900000000000000
55,0,54,-1,13027,Brooks County,3.932424759000000,14,13027,Georgia,Brooks,6,13027,-2,71.039832543000003,0.000000000000000,0.000000000000000,,,,,,,,,,,,,,,,251738.479232405952644,1754532237.909492015838623,46,2.000000000000000,-11641.709999999999127,2.299929535085180,24.500000000000000
56,0,55,-1,13065,Clinch County,4.555314534000000,32,13065,Georgia,Clinch,7,13065,-2,60.429538098999998,0.000000000000000,0.000000000000000,,,,,,,,,,,,,,,,264863.344329699990340,2909440907.492076396942139,-5,-0.900000000000000,808.029999999998836,-2.099876018136104,9.400000000000000
57,0,56,-1,13101,Echols County,3.210526316000000,50,13101,Georgia,Echols,4,13101,-1,100.000000000000000,0.000000000000000,0.000000000000000,,,,,,,,,,,,,,,,184083.917834821302677,1479127263.008338451385498,3,10.800000000000001,5909.900000000001455,3.199881951765401,-17.899999999999999
58,1,57,57,13049,Charlton County,4.287200832000000,24,13049,Georgia,Charlton,7,13049,-3,51.022923341999999,0.000000000000000,0.000000000000000,M,98.849999999999994,A,"3026 GA-252, Folkston, Georgia, 31537",StreetAddress,Folkston ICE Processing Center (Main),3026 Hwy 252 East,Folkston,,31537,,,1118,,ICE DETENTION FACILITY,368303.063630369026214,2756653509.851908206939697,-12,-7.200000000000000,-5868.500000000000000,-1.899934966586705,11.600000000000000
59,0,58,-1,13019,Berrien County,4.159422228000000,10,13019,Georgia,Berrien,7,13019,-3,76.143316394999999,0.000000000000000,0.000000000000000,,,,,,,,,,,,,,,,226217.240569144487381,1627963058.729602813720703,21,3.500000000000000,3768.620000000002619,3.100035711842313,1.400000000000000
60,1,59,20,13071,Colquitt County,3.763166442000000,35,13071,Georgia,Colquitt,6,13071,-2,58.949843948999998,0.000000000000000,0.000000000000000,M,96.629999999999995,A,"200 S Vandenberg Dr, Moultrie, Georgia, 31788",StreetAddress,COLQUITT COUNTY CI,200 SOUTH VADENBERG DRIVE,MOULTRIE,,31768,ADULT MALE FELONS,1954,190,MEDIUM,CO. CORRECTIONAL INSTITUTION,202892.370895622443641,1976303673.934956312179565,26,4.100000000000000,-2354.379999999997381,-0.599901258253107,5.200000000000000
61,0,60,-1,13075,Cook County,3.778848592000000,37,13075,Georgia,Cook,8,13075,-4,59.412038113000001,0.000000000000000,0.000000000000000,,,,,,,,,,,,,,,,159549.595367217611056,827188164.724765539169312,-25,9.800000000000001,3588.900000000001455,1.499969135003395,2.700000000000000
62,0,61,-1,13155,Irwin County,5.598802395000000,77,13155,Georgia,Irwin,10,13155,-4,64.709582721999993,0.000000000000000,0.000000000000000,,,,,,,,,,,,,,,,189553.415100195998093,1299108808.978943586349487,-5,-5.000000000000000,-4183.439999999995052,3.500059183777460,5.900000000000000
63,0,62,-1,13277,Tift County,4.013032011000000,137,13277,Georgia,Tift,7,13277,-3,40.782192532000003,0.000000000000000,0.000000000000000,,,,,,,,,,,,,,,,139936.090444957750151,959796377.062352180480957,33,-0.300000000000000,979.069999999999709,3.599993038251100,5.900000000000000
64,0,63,-1,13287,Turner County,5.086342229000000,142,13287,Georgia,Turner,8,13287,-3,49.731243001000003,0.000000000000000,0.000000000000000,,,,,,,,,,,,,,,,154550.756347666319925,1040615861.434148550033569,7,6.800000000000000,-2093.970000000001164,6.299960620013796,22.800000000000001
65,0,64,-1,13003,Atkinson County,3.533731069000000,2,13003,Georgia,Atkinson,8,13003,-4,100.000000000000000,0.000000000000000,0.000000000000000,,,,,,,,,,,,,,,,194685.119822569831740,1225313254.482887506484985,7,-7.500000000000000,-4559.459999999999127,1.999970723723213,8.699999999999999
66,1,65,26,13069,Coffee County,4.516542840000000,34,13069,Georgia,Coffee,8,13069,-3,66.583246766000002,0.000000000000000,0.000000000000000,M,100.000000000000000,A,"1153 N Liberty St, Nicholls, Georgia, 31554",StreetAddress,COFFEE CORRECTIONAL FACILITY,1153 NORTH LIBERTY STREET,NICHOLLS,,31554,ADULT MALE FELONS,1998,2628,MEDIUM,PRIVATE PRISON,252998.413987004751107,2155202778.980733394622803,-34,-7.300000000000000,635.620000000002619,1.900104277919591,1.500000000000000
67,0,66,-1,13173,Lanier County,4.395318596000000,86,13173,Georgia,Lanier,6,13173,-2,71.125223258999995,0.000000000000000,0.000000000000000,,,,,,,,,,,,,,,,145453.806270180910360,706797596.199863076210022,-38,-9.800000000000001,-12493.180000000000291,0.200051183601303,-3.800000000000000
68,0,67,-1,13017,Ben Hill County,5.882352941000000,9,13017,Georgia,Ben Hill,11,13017,-5,34.002495179999997,0.000000000000000,0.000000000000000,,,,,,,,,,,,,,,,170425.801016852055909,912471308.366527318954468,-39,13.400000000000000,-3782.459999999999127,2.599977239696730,10.800000000000001
69,0,68,-1,13023,Bleckley County,5.708154506000000,12,13023,Georgia,Bleckley,7,13023,-1,51.588455944000003,0.000000000000000,0.000000000000000,,,,,,,,,,,,,,,,135535.987671145354398,798665299.826540589332581,1,0.800000000000000,4555.410000000003492,-1.699836648232954,2.700000000000000
70,0,69,-1,13081,Crisp County,4.851579955000000,40,13081,Georgia,Crisp,8,13081,-3,47.028456845000001,0.000000000000000,0.000000000000000,,,,,,,,,,,,,,,,141174.603839838207932,1013374835.175444841384888,23,-5.100000000000000,2619.599999999998545,9.999754902077081,-4.900000000000000
71,1,70,43,13093,Dooly County,4.615086290000000,46,13093,Georgia,Dooly,7,13093,-2,53.666711354999997,0.000000000000000,0.000000000000000,M,97.879999999999995,A,"1412 Plunketts Rd, Unadilla, Georgia, 31091",StreetAddress,DOOLY STATE PRISON,1412 PLUNKETT ROAD,UNADILLA,,31091,ADULT MALES,1993,1702,MEDIUM,STATE PRISON,167300.011950188199989,1439779360.325842857360840,2,-5.700000000000000,11103.779999999998836,4.798718242916987,-0.300000000000000
72,0,71,-1,13235,Pulaski County,4.257377842000000,116,13235,Georgia,Pulaski,5,13235,-1,66.702747709999997,0.000000000000000,0.000000000000000,,,,,,,,,,,,,,,,145112.950450235570315,911816611.330484271049500,-36,-8.000000000000000,-938.779999999998836,8.199299970630726,40.700000000000003
73,1,72,50,13315,Wilcox County,5.225830534000000,156,13315,Georgia,Wilcox,8,13315,-3,100.000000000000000,0.000000000000000,0.000000000000000,M,100.000000000000000,A,"470 S Broad St, Abbeville, Georgia, 31001",StreetAddress,WILCOX STATE PRISON,470 SOUTH BROAD STREET,ABBEVILLE,,31001,ADULT MALE FELONS,1993,1827,MEDIUM,STATE PRISON,199156.138952995243017,1379587686.937582969665527,-6,-1.900000000000000,2583.040000000000873,1.800801752479416,-11.500000000000000
74,0,73,-1,13161,Jeff Davis County,4.870824420000000,80,13161,Georgia,Jeff Davis,10,13161,-5,69.511547651000001,0.000000000000000,0.000000000000000,,,,,,,,,,,,,,,,188505.006699491117615,1206651870.109560728073120,6,2.100000000000000,-2197.319999999999709,0.900101073038978,-1.600000000000000
75,1,74,48,13271,Telfair County,6.788571429000000,134,13271,Georgia,Telfair,11,13271,-4,46.987878788000003,0.000000000000000,0.000000000000000,M,99.900000000000006,M,"170 Long Bridge Rd, Mc Rae Helena, Georgia, 31037",StreetAddress,TELFAIR STATE PRISON,170 LONGBRIDGE ROAD,Mc Rae Helena,,31037,ADULT MALE FELONS,1991,1400,CLOSE,STATE PRISON,239855.579031914559891,1601866356.507151603698730,29,22.199999999999999,4351.560000000001310,5.099943524045956,9.100000000000000
76,1,75,28,13309,Wheeler County,7.365269461000000,153,13309,Georgia,Wheeler,7,13309,0,100.000000000000000,0.000000000000000,0.000000000000000,M,100.000000000000000,A,"195 N Broad St, Alamo, Georgia, 30411",StreetAddress,WHEELER CORR FACILITY,195 NORTH BROAD STREET,ALAMO,,30411,ADULT MALE FELONS,1998,2874,MEDIUM,PRIVATE PRISON,195364.036432408844121,1087313373.683320522308350,-5,-5.400000000000000,-13288.180000000000291,3.200016576506361,3.000000000000000
77,1,76,46,13091,Dodge County,5.183946488000000,45,13091,Georgia,Dodge,7,13091,-2,72.228849330000003,0.000000000000000,0.000000000000000,M,89.790000000000006,A,"Bethel Church Rd, Eastman, Georgia, 31023",StreetName,DODGE STATE PRISON,2971 OLD BETHEL CHURCH ROAD,CHESTER,,31012,ADULT MALE FELONS,1982,1236,MEDIUM,STATE PRISON,246560.205063975095982,1824236730.201459646224976,17,-45.200000000000003,2250.800000000002910,4.299883803244238,10.400000000000000
78,0,77,-1,13175,Laurens County,4.809465274000000,87,13175,Georgia,Laurens,7,13175,-2,56.644092993000001,0.000000000000000,0.000000000000000,,,,,,,,,,,,,,,,254884.071645035815891,2985256813.808387279510498,24,1.700000000000000,-6077.199999999997090,15.799892168074148,8.400000000000000
79,1,78,47,13209,Montgomery County,5.712029481000000,103,13209,Georgia,Montgomery,7,13209,-1,98.706565823000005,0.000000000000000,0.000000000000000,M,98.799999999999997,A,"650 Mount Vernon Alston Rd, Mount Vernon, Georgia, 30445",StreetAddressExt,MONTGOMERY STATE PRISON,650 MT. VERNON/ ALSTON RD,MT. VERNON,,30445,ADULT MALE FELONS,1972,900,MEDIUM,STATE PRISON,170969.109673313534586,888095254.654634594917297,0,-1.800000000000000,3363.419999999998254,0.510217783286330,6.300000000000000
80,0,79,-1,13283,Treutlen County,5.806213018000000,140,13283,Georgia,Treutlen,8,13283,-2,58.867102396999996,0.000000000000000,0.000000000000000,,,,,,,,,,,,,,,,152230.836821484466782,737818714.421114683151245,3,0.000000000000000,-11323.729999999995925,11.999292750598308,-1.800000000000000
81,0,80,-1,13025,Brantley County,4.475581554000000,13,13025,Georgia,Brantley,6,13025,-2,99.445983380000001,0.000000000000000,0.000000000000000,,,,,,,,,,,,,,,,244560.148927880829433,1588148509.918637037277222,9,17.300000000000001,-9759.169999999998254,-6.799572571643708,2.900000000000000
82,0,81,-1,13005,Bacon County,3.816491991000000,3,13005,Georgia,Bacon,6,13005,-2,69.286229272000000,0.000000000000000,0.000000000000000,,,,,,,,,,,,,,,,154900.758694922173163,1022091803.617935180664062,-14,5.600000000000000,-708.509999999994761,1.299966899576939,19.100000000000001
83,0,82,-1,13229,Pierce County,3.845268248000000,113,13229,Georgia,Pierce,5,13229,-1,79.352809468000004,0.000000000000000,0.000000000000000,,,,,,,,,,,,,,,,204392.219911473599495,1223389967.618098735809326,-65,-0.100000000000000,4865.220000000001164,-0.399996396298809,11.500000000000000
84,0,83,-1,13305,Wayne County,4.649938586000000,151,13305,Georgia,Wayne,8,13305,-3,57.938801953999999,0.000000000000000,0.000000000000000,,,,,,,,,,,,,,,,258103.197312359989155,2320574582.215803623199463,-21,-0.700000000000000,1338.400000000001455,-2.699041523600890,3.100000000000000
85,0,84,-1,13039,Camden County,4.155943189000000,20,13039,Georgia,Camden,6,13039,-2,31.443390810000000,0.000000000000000,0.000000000000000,,,,,,,,,,,,,,,,577347.928915983648039,2307978296.272068977355957,99,-1.200000000000000,2010.300000000002910,0.899950231053365,-0.300000000000000
86,0,85,-1,13191,McIntosh County,3.990306947000000,95,13191,Georgia,McIntosh,6,13191,-2,74.311030489000004,0.000000000000000,0.000000000000000,,,,,,,,,,,,,,,,456652.274361736548599,1625285524.028441905975342,9,-3.500000000000000,9762.750000000000000,6.899957038039688,10.800000000000001
87,0,86,-1,13001,Appling County,4.345422379000000,1,13001,Georgia,Appling,7,13001,-3,71.441105506000000,0.000000000000000,0.000000000000000,,,,,,,,,,,,,,,,248874.869590215908829,1841145458.680735349655151,-39,8.500000000000000,-5100.449999999997090,0.000107917553153,-6.900000000000000
88,0,87,-1,13043,Candler County,3.434117208000000,21,13043,Georgia,Candler,6,13043,-3,66.966721222000004,0.000000000000000,0.000000000000000,,,,,,,,,,,,,,,,124740.739181293480215,906597171.664557218551636,-2,-20.500000000000000,-5680.319999999999709,0.199989810007495,26.300000000000001
89,0,88,-1,13109,Evans County,3.662258393000000,54,13109,Georgia,Evans,6,13109,-2,61.281818182000002,0.000000000000000,0.000000000000000,,,,,,,,,,,,,,,,119435.149585966137238,677406081.929219126701355,52,-4.700000000000000,-2155.239999999997963,7.899783838880376,4.900000000000000
90,1,89,52,13267,Tattnall County,4.199339662000000,132,13267,Georgia,Tattnall,7,13267,-3,68.236677115999996,0.000000000000000,0.000000000000000,M,100.000000000000000,A,"1978 GA-147, Reidsville, Georgia, 30453",StreetAddress,ROGERS STATE PRISON,1978 GEORGIA HIGHWAY 147,REIDSVILLE,,30453,ADULT MALE FELONS,1983,1391,MEDIUIM,STATE PRISON,241434.969023150595604,1764875773.405373096466064,7,-11.900000000000000,-1788.180000000000291,0.200263462821196,7.400000000000000
91,1,89,54,13267,Tattnall County,4.199339662000000,132,13267,Georgia,Tattnall,7,13267,-3,68.236677115999996,0.000000000000000,0.000000000000000,M,100.000000000000000,A,"300 1st Ave S, Reidsville, Georgia, 30453",StreetAddress,GA STATE PRISON,300 1ST AVE SOUTH,REIDSVILLE,,30453,ADULT MALE FELONS,1937,0,SPECIAL MISSION,STATE PRISON,241434.969023150595604,1764875773.405373096466064,7,-11.900000000000000,-1788.180000000000291,0.200263462821196,7.400000000000000
92,1,89,56,13267,Tattnall County,4.199339662000000,132,13267,Georgia,Tattnall,7,13267,-3,68.236677115999996,0.000000000000000,0.000000000000000,M,98.849999999999994,A,"9676 US Highway 301, Glennville, Georgia, 30427",PointAddress,SMITH STATE PRISON,9676 HWY 301 NORTH,GLENNVILLE,,30427,ADULT MALE FELONS,1993,1526,CLOSE,STATE PRISON,241434.969023150595604,1764875773.405373096466064,7,-11.900000000000000,-1788.180000000000291,0.200263462821196,7.400000000000000
93,0,90,-1,13279,Toombs County,5.809962327000000,138,13279,Georgia,Toombs,7,13279,-1,51.056092274999997,0.000000000000000,0.000000000000000,,,,,,,,,,,,,,,,198071.544676982040983,1343530200.731779336929321,20,-7.300000000000000,3598.349999999998545,8.589995787734990,-1.900000000000000
94,1,91,32,13183,Long County,3.961136024000000,91,13183,Georgia,Long,5,13183,-1,81.339878318999993,0.000000000000000,0.000000000000000,M,100.000000000000000,A,"1434 US Highway 84 E, Ludowici, Georgia, 31316",StreetAddress,LONG UNIT,1434 US HWY 84 EAST,LUDOWICI,,31316,ADULT MALE FELONS,2004,212,MEDIUM,STATE PRISON,213749.997623007511720,1449563919.071350336074829,-14,-2.400000000000000,3087.660000000003492,7.699483317503012,4.600000000000000
95,0,92,-1,13029,Bryan County,3.402731139000000,15,13029,Georgia,Bryan,5,13029,-2,52.343465749000003,0.000000000000000,0.000000000000000,,,,,,,,,,,,,,,,341539.294816081528552,1613507252.012079477310181,-73,-6.600000000000000,860.639999999999418,-1.599866110627329,1.500000000000000
96,1,93,25,13031,Bulloch County,4.180998853000000,16,13031,Georgia,Bulloch,6,13031,-2,48.283179287000003,0.000000000000000,0.000000000000000,M,100.000000000000000,A,"17301 US Highway 301 N, Statesboro, Georgia, 30458",StreetAddress,BULLOCH COUNTY CI,17301 U.S.HWY 301 NORTH BLDG. 209,STATESBORO,,30458,ADULT MALE FELONS,1946,183,MEDIUM,CO. CORRECTIONAL INSTITUTION,271258.868185801664367,2510180008.351299762725830,124,-0.700000000000000,7936.870000000002619,1.500100530524988,6.900000000000000
97,1,94,17,13103,Effingham County,3.304928989000000,51,13103,Georgia,Effingham,5,13103,-2,67.052631579000007,0.000000000000000,0.000000000000000,M,100.000000000000000,A,"321 GA Highway 119 S, Springfield, Georgia, 31329",PointAddress,EFFINGHAM COUNTY CI,321 HWY 119 SOUTH,SPRINGFIELD,,31329,ADULT MALE FELONS,1914,192,MEDIUM,CO. CORRECTIONAL INSTITUTION,252950.088618586276425,1757884486.816325187683105,-36,-4.000000000000000,-664.569999999992433,0.200032592381134,-1.800000000000000
98,0,95,-1,13289,Twiggs County,5.880341880000000,143,13289,Georgia,Twiggs,7,13289,-1,100.000000000000000,0.000000000000000,0.000000000000000,,,,,,,,,,,,,,,,233657.371381647128146,1328307142.930865526199341,-3,-19.800000000000001,11917.010000000002037,2.899968394267542,-2.200000000000000
99,1,96,23,13009,Baldwin County,5.038759690000000,5,13009,Georgia,Baldwin,8,13009,-3,35.139982502000002,0.000000000000000,0.000000000000000,M,99.549999999999997,A,"196 Laying Farm Rd SE, Milledgeville, Georgia, 31061",PointAddress,RIVERBEND CORR FACILITY,196 LAYING FARM RD,MILLEDGEVILLE,,31061,ADULT MALE FELONS,2011,1588,MEDIUM,PRIVATE PRISON,188317.321028411184670,988898692.367957234382629,82,-7.900000000000000,1937.970000000001164,3.488622234855323,2.900000000000000
100,1,96,42,13009,Baldwin County,5.038759690000000,5,13009,Georgia,Baldwin,8,13009,-3,35.139982502000002,0.000000000000000,0.000000000000000,M,97.129999999999995,A,"140 Laying Farm Rd, Milledgeville, Georgia, 31061",StreetAddress,BALDWIN STATE PRISON,140 LAYING FARM ROAD,HARDWICK,,31034,ADULT MALE FELONS,1976,925,Special Mission,STATE PRISON,188317.321028411184670,988898692.367957234382629,82,-7.900000000000000,1937.970000000001164,3.488622234855323,2.900000000000000
101,0,97,-1,13159,Jasper County,3.465203581000000,79,13159,Georgia,Jasper,8,13159,-5,81.762589927999997,0.000000000000000,0.000000000000000,,,,,,,,,,,,,,,,174732.962250886397669,1389142084.872200012207031,-52,4.900000000000000,2332.610000000000582,-3.399711601301969,-8.199999999999999
102,0,98,-1,13169,Jones County,3.658360939000000,84,13169,Georgia,Jones,6,13169,-2,67.714255816000005,0.000000000000000,0.000000000000000,,,,,,,,,,,,,,,,163298.359386159485439,1461481272.395782947540283,-1,0.900000000000000,2692.770000000004075,-1.699978551250769,7.200000000000000
103,0,99,-1,13237,Putnam County,4.961692813000000,117,13237,Georgia,Putnam,7,13237,-2,80.945423696999995,0.000000000000000,0.000000000000000,,,,,,,,,,,,,,,,175535.921655537356855,1341381869.549395799636841,3,7.500000000000000,3490.490000000005239,3.099839691411420,11.000000000000000
104,0,100,-1,13125,Glascock County,4.169884170000000,62,13125,Georgia,Glascock,7,13125,-3,100.000000000000000,0.000000000000000,0.000000000000000,,,,,,,,,,,,,,,,113521.372416841884842,536114531.517032921314240,,-7.500000000000000,2292.690000000002328,1.499698579263023,5.400000000000000
105,1,101,34,13141,Hancock County,6.010488100000000,70,13141,Georgia,Hancock,13,13141,-7,61.586594548999997,0.000000000000000,0.000000000000000,M,100.000000000000000,A,"701 Prison Blvd, Sparta, Georgia, 31087",PointAddress,HANCOCK STATE PRISON,701 PRISON BLVD,SPARTA,,31087,ADULT MALE FELONS,1990,1191,CLOSE,STATE PRISON,213115.653433987725293,1778065006.023058891296387,-13,55.600000000000001,6397.229999999999563,11.210803738302396,0.500000000000000
106,0,102,-1,13167,Johnson County,3.954666024000000,83,13167,Georgia,Johnson,8,13167,-4,65.410821643000006,0.000000000000000,0.000000000000000,,,,,,,,,,,,,,,,192888.195551409939071,1124104501.912226438522339,38,1.700000000000000,9568.669999999998254,0.200080429746863,-4.900000000000000
107,1,103,39,13303,Washington County,5.002095850000000,150,13303,Georgia,Washington,8,13303,-3,65.601548119000000,0.000000000000000,0.000000000000000,M,100.000000000000000,A,"13262 GA Highway 24 E, Davisboro, Georgia, 31018",StreetAddress,WASHINGTON STATE PRISON,13262 HIGHWAY 24 EAST,DAVISBORO,,31018,ADULT MALE FELONS,1991,1548,MEDIUM,STATE PRISON,261318.896789752325276,2525891684.516754627227783,31,-8.600000000000000,-942.580000000001746,4.900114105598887,5.300000000000000
108,0,104,-1,13319,Wilkinson County,4.435168276000000,158,13319,Georgia,Wilkinson,7,13319,-3,100.000000000000000,0.000000000000000,0.000000000000000,,,,,,,,,,,,,,,,204089.907419811206637,1661513747.241548538208008,-10,-12.199999999999999,-8207.379999999997381,-7.199621515831482,1.500000000000000
109,0,105,-1,13211,Morgan County,3.562369031000000,104,13211,Georgia,Morgan,6,13211,-2,75.369375419999997,0.000000000000000,0.000000000000000,,,,,,,,,,,,,,,,165215.349355428275885,1326750276.691220998764038,11,6.500000000000000,14146.770000000004075,-0.399788121724070,-5.500000000000000
110,0,106,-1,13013,Barrow County,3.285011975000000,7,13013,Georgia,Barrow,6,13013,-3,30.061844969999999,0.000000000000000,0.000000000000000,,,,,,,,,,,,,,,,133995.971227474190528,615469017.146182298660278,-33,-0.100000000000000,4729.980000000003201,2.699922905621910,1.400000000000000
111,1,107,4,13157,Jackson County,2.987751048000000,78,13157,Georgia,Jackson,6,13157,-3,60.014879722000003,0.000000000000000,0.000000000000000,M,100.000000000000000,A,"265 I W Davis Rd, Jefferson, Georgia, 30549",PointAddress,JACKSON COUNTY CI,265 I.W. DAVIS ROAD,JEFFERSON,,30549,ADULT MALE FELONS,1988,150,MEDIUM,CO. CORRECTIONAL INSTITUTION,180313.623520348948659,1299894188.434460401535034,-60,-1.100000000000000,7014.860000000000582,8.507597144867772,-7.100000000000000
112,0,108,-1,13297,Walton County,3.552649021000000,147,13297,Georgia,Walton,7,13297,-3,42.658294337000001,0.000000000000000,0.000000000000000,,,,,,,,,,,,,,,,162122.553638655139366,1240857055.311589479446411,-20,-3.700000000000000,3943.010000000002037,7.546308429108647,2.000000000000000
113,0,109,-1,13195,Madison County,3.528380451000000,97,13195,Georgia,Madison,5,13195,-1,91.877667141000003,0.000000000000000,0.000000000000000,,,,,,,,,,,,,,,,176479.275809103128267,1081993098.694975852966309,119,1.700000000000000,1943.830000000001746,1.601243343156905,2.000000000000000
114,0,110,-1,13219,Oconee County,2.956265556000000,108,13219,Georgia,Oconee,4,13219,-1,50.316995855000002,0.000000000000000,0.000000000000000,,,,,,,,,,,,,,,,146257.802240978664486,700915210.991112828254700,68,-8.100000000000000,6585.120000000009895,0.200289988607677,-0.100000000000000
115,0,111,-1,13133,Greene County,4.246496997000000,66,13133,Georgia,Greene,7,13133,-3,82.749781167999998,0.000000000000000,0.000000000000000,,,,,,,,,,,,,,,,197149.982469380833209,1520265293.915086269378662,27,12.100000000000000,12049.529999999998836,0.799998398667427,-1.600000000000000
116,0,112,-1,13265,Taliaferro County,5.128205128000000,131,13265,Georgia,Taliaferro,8,13265,-3,100.000000000000000,0.000000000000000,0.000000000000000,,,,,,,,,,,,,,,,165189.145802331360755,730991983.782239437103271,1,27.500000000000000,11313.280000000002474,-5.199606859537869,-8.300000000000001
117,0,113,-1,13301,Warren County,4.985443959000000,149,13301,Georgia,Warren,10,13301,-5,100.000000000000000,0.000000000000000,0.000000000000000,,,,,,,,,,,,,,,,197144.882955175242387,1068769553.949199199676514,-21,34.000000000000000,1308.830000000001746,-6.999688990568829,0.000000000000000
118,0,114,-1,13105,Elbert County,4.819584343000000,52,13105,Georgia,Elbert,9,13105,-4,70.618863434000005,0.000000000000000,0.000000000000000,,,,,,,,,,,,,,,,195605.203431459958665,1418509613.115592956542969,33,-7.200000000000000,2976.830000000001746,5.599966875287397,-11.900000000000000
119,0,115,-1,13221,Oglethorpe County,3.663672094000000,109,13221,Georgia,Oglethorpe,5,13221,-1,99.254983555999999,0.000000000000000,0.000000000000000,,,,,,,,,,,,,,,,212630.576753346889745,1665948206.365626811981201,11,6.300000000000000,6026.389999999999418,2.700141116209144,5.700000000000000
120,0,116,-1,13317,Wilkes County,4.574659471000000,157,13317,Georgia,Wilkes,8,13317,-3,67.365241197000003,0.000000000000000,0.000000000000000,,,,,,,,,,,,,,,,226907.772117590880953,1781594022.582693576812744,26,7.800000000000000,3139.819999999999709,4.199987510982624,6.400000000000000
121,0,117,-1,13033,Burke County,5.999786484000000,17,13033,Georgia,Burke,9,13033,-3,74.995711099999994,0.000000000000000,0.000000000000000,,,,,,,,,,,,,,,,304527.111861199431587,3086959582.411161422729492,110,5.600000000000000,6244.550000000002910,0.000309657431360,2.100000000000000
122,1,118,45,13107,Emanuel County,5.886592984000000,53,13107,Georgia,Emanuel,8,13107,-2,66.882024958000002,0.000000000000000,0.000000000000000,M,100.000000000000000,A,"714 Gumlog Rd, Swainsboro, Georgia, 30401",StreetAddress,EMANUEL WOMENS FACILITY,714 GUMLOG ROAD,SWAINSBORO,,30401,ADULT FEMALE FELONS,1995,415,MEDIUM,STATE PRISON,287470.651787251525093,2525801855.882606029510498,-57,-5.500000000000000,2479.050000000002910,-0.499780995190281,1.600000000000000
123,1,119,15,13163,Jefferson County,5.320883356000000,81,13163,Georgia,Jefferson,10,13163,-5,80.667454222999993,0.000000000000000,0.000000000000000,M,100.000000000000000,A,"1159 Clarks Mill Rd, Louisville, Georgia, 30434",PointAddress,JEFFERSON COUNTY CI,1159 CLARKS MILL ROAD,LOUISVILLE,,30434,ADULT MALE - FELONY/MISDEMEANOR,1924,190,MEDIUM,CO. CORRECTIONAL INSTITUTION,222897.171285704622278,1958013901.996922016143799,-32,-3.300000000000000,2180.080000000001746,5.899920378627920,1.800000000000000
124,1,120,22,13165,Jenkins County,5.396132252000000,82,13165,Georgia,Jenkins,16,13165,-11,66.103117506000004,0.000000000000000,0.000000000000000,M,98.040000000000006,A,"3404 Kent Farm Rd, Millen, Georgia, 30442",PointAddress,JENKINS CORR FACILITY,3404 KENT FARM DRIVE,MILLEN,,30442,MALE OFFENDERS,2012,1186,MEDIUM,PRIVATE PRISON,147804.984328878199449,1295139864.733682155609131,4,-3.900000000000000,-7234.339999999996508,4.899828777609980,21.899999999999999
125,1,121,14,13251,Screven County,5.403377111000000,124,13251,Georgia,Screven,8,13251,-3,78.921400672000004,0.000000000000000,0.000000000000000,M,100.000000000000000,A,"859 Rocky Ford Rd, Sylvania, Georgia, 30467",PointAddress,SCREVEN COUNTY CI,859 ROCKYFORD ROAD,SYLVANIA,,30467,n/a,,,,CO. CORRECTIONAL INSTITUTION,276720.126369149598759,2407316940.554657936096191,-22,5.100000000000000,1587.550000000002910,3.199976498614138,14.900000000000000
126,0,122,-1,13181,Lincoln County,4.957075602000000,90,13181,Georgia,Lincoln,7,13181,-2,100.000000000000000,0.000000000000000,0.000000000000000,,,,,,,,,,,,,,,,177261.968250643665669,967380729.347558498382568,-13,2.400000000000000,-1278.809999999997672,4.399878385105922,-6.300000000000000
127,0,123,-1,13189,McDuffie County,5.561127828000000,94,13189,Georgia,McDuffie,8,13189,-2,60.960000000000001,0.000000000000000,0.000000000000000,,,,,,,,,,,,,,,,178393.729992949112784,994226037.619404673576355,-3,3.600000000000000,5184.340000000003783,2.900203561617852,14.699999999999999
128,0,124,-1,13011,Banks County,3.113860348000000,6,13011,Georgia,Banks,5,13011,-2,93.829845066999994,0.000000000000000,0.000000000000000,,,,,,,,,,,,,,,,127305.953860011140932,891016384.618172645568848,17,-11.699999999999999,2770.550000000002910,10.570583632193387,-0.100000000000000
129,0,125,-1,13119,Franklin County,3.832682878000000,59,13119,Georgia,Franklin,7,13119,-3,88.928636116999996,0.000000000000000,0.000000000000000,,,,,,,,,,,,,,,,153635.794333070167340,1014841115.239309549331665,-23,11.100000000000000,4101.590000000003783,7.909260237099765,10.699999999999999
130,0,126,-1,13137,Habersham County,3.688418881000000,68,13137,Georgia,Habersham,6,13137,-2,58.762575218999999,0.000000000000000,0.000000000000000,,,,,,,,,,,,,,,,185157.528533404169139,1070199539.349590539932251,1,5.700000000000000,6318.520000000004075,-0.199128765168676,-14.699999999999999
131,0,127,-1,13241,Rabun County,4.004512126000000,119,13241,Georgia,Rabun,6,13241,-2,79.282378962999999,0.000000000000000,0.000000000000000,,,,,,,,,,,,,,,,222209.936117446573917,1453849526.637695312500000,-3,-9.800000000000001,3927.860000000000582,2.198749077539047,9.300000000000001
132,0,128,-1,13257,Stephens County,4.523896388000000,127,13257,Georgia,Stephens,6,13257,-1,58.563514804000000,0.000000000000000,0.000000000000000,,,,,,,,,,,,,,,,119880.318595877441112,705220743.378318667411804,17,-6.300000000000000,5189.779999999998836,10.912974306717897,-4.800000000000000
133,0,129,-1,13281,Towns County,5.481214617000000,139,13281,Georgia,Towns,6,13281,-1,100.000000000000000,0.000000000000000,0.000000000000000,,,,,,,,,,,,,,,,143456.658586478821235,664409933.181138992309570,-22,0.200000000000000,4204.400000000001455,-4.689449783286396,14.900000000000000
134,0,130,-1,13311,White County,3.049121282000000,154,13311,Georgia,White,5,13311,-2,83.793840259000007,0.000000000000000,0.000000000000000,,,,,,,,,,,,,,,,149567.184601830376778,928749365.741436123847961,14,2.300000000000000,6098.360000000000582,3.899067843997070,-4.500000000000000
135,1,131,31,13147,Hart County,3.621265303000000,73,13147,Georgia,Hart,9,13147,-5,74.465553483999997,0.000000000000000,0.000000000000000,M,100.000000000000000,A,"414 Valley Hart Rd, Hartwell, Georgia, 30643",StreetAddress,WHITWORTH WOMEN'S FACILITY,414 VALLEY HART ROAD,HARTWELL,,30643,ADULT FEMALE FELONS,1991,442,MEDIUM,STATE PRISON,137319.076270389341516,976924526.091979384422302,15,15.800000000000001,2904.290000000000873,4.799954896100484,-9.400000000000000
